Country;Airport;Code;Pax 2015;;;;;;;;;;;;;;
Albania;Tirana;TIA;1 977 044;;;;;;;;;;;;;;
Armenia;Yerevan;EVN;1 879 667;;;;;;;;;;;;;;
Austria;Major airports;;27 326 144;;;;;;;;;;;;;;
Austria;Graz;GRZ;963 396;;;;;;;;;;;;;;
Austria;Innsbruck;INN;1 001 256;;;;;;;;;;;;;;
Austria;Klagenfurt;KLU;227 625;;;;;;;;;;;;;;
Austria;Linz;LNZ;530 504;;;;;;;;;;;;;;
Austria;Salzburg;SZG;1 828 309;;;;;;;;;;;;;;
Austria;Vienna;VIE;22 775 054;;;;;;;;;;;;;;
;;;;;;;;;;;;;;;;;
Belgium;Major airports;;30 966 206;;;;;;;;;;;;;;
Belgium;Antwerp;ANR;;;;;;;;;;;;;;;
Belgium;Brussels Charleroi;CRL;6 956 302;;;;;;;;;;;;;;
Belgium;Brussels;BRU;23 460 018;;;;;;;;;;;;;;
Belgium;Liege;LGG;294 848;;;;;;;;;;;;;;
Belgium;Ostend;OST;255 038;;;;;;;;;;;;;;
Bosnia & Herzegovina;Sarajevo;SJJ;772 904;;;;;;;;;;;;;;
Bosnia & Herzegovina;Tuzla;TZL;259 074;;;;;;;;;;;;;;
Bulgaria;Major airports;;7 847 957;;;;;;;;;;;;;;
Bulgaria;Bourgas;BOJ;2 360 320;;;;;;;;;;;;;;
Bulgaria;Sofia;SOF;4 088 943;;;;;;;;;;;;;;
Bulgaria;Varna;VAR;1 398 694;;;;;;;;;;;;;;
Croatia;Major airports;;7 076 098;;;;;;;;;;;;;;
Croatia;Dubrovnik;DBV;1 693 934;;;;;;;;;;;;;;
Croatia;Pula;PUY;351 658;;;;;;;;;;;;;;
Croatia;Split;SPU;1 955 400;;;;;;;;;;;;;;
Croatia;Zadar;ZAD;487 652;;;;;;;;;;;;;;
Croatia;Zagreb;ZAG;2 587 798;;;;;;;;;;;;;;
Cyprus;Larnaca;LCA;5 407 248;;;;;;;;;;;;;;
Cyprus;Paphos;PFO;2 282 361;;;;;;;;;;;;;;
Czech Republic;Brno;BRQ;466 046;;;;;;;;;;;;;;
;;;;;;;;;;;;;;;;;
Czech Republic;Prague;PRG;12 030 928;;;;;;;;;;;;;;
Denmark;Major airports;;31 340 895;;;;;;;;;;;;;;
Denmark;Aalborg;AAL;1 456 496;;;;;;;;;;;;;;
Denmark;Aarhus;AAR;364 836;;;;;;;;;;;;;;
Denmark;Billund;BLL;2 909 231;;;;;;;;;;;;;;
Denmark;Copenhagen;CPH;26 610 332;;;;;;;;;;;;;;
Estonia;Tallinn;TLL;2 166 663;;;;;;;;;;;;;;
Faroe Islands;Vagar;FAE;276 385;;;;;;;;;;;;;;
Finland;All airports;;20 083 297;;;;;;;;;;;;;;
Finland;Helsinki;HEL;16 422 266;;;;;;;;;;;;;;
Finland;Ivalo;IVL;155 208;;;;;;;;;;;;;;
Finland;Joensuu;JOE;133 726;;;;;;;;;;;;;;
Finland;Kittila;KTT;226 819;;;;;;;;;;;;;;
Finland;Kuopio;KUO;232 267;;;;;;;;;;;;;;
Finland;Oulu;OUL;982 723;;;;;;;;;;;;;;
Finland;Rovaniemi;RVN;478 347;;;;;;;;;;;;;;
Finland;Tampere;TMP;357 082;;;;;;;;;;;;;;
Finland;Turku;TKU;312 105;;;;;;;;;;;;;;
Finland;Vaasa;VAA;282 437;;;;;;;;;;;;;;
France;Top 15 airports;;153 597 346;;;;;;;;;;;;;;
France;Ajaccio;AJA;1 362 274;;;;;;;;;;;;;;
France;Bastia;BIA;1 191 866;;;;;;;;;;;;;;
France;Bergerac;EGC;281 456;;;;;;;;;;;;;;
France;Beziers;BZR;244 790;;;;;;;;;;;;;;
France;Biarritz;BIQ;1 039 817;;;;;;;;;;;;;;
France;Bordeaux;BOD;5 331 648;;;;;;;;;;;;;;
France;Brest;BES;1 000 192;;;;;;;;;;;;;;
France;Caen;CFR;129 096;;;;;;;;;;;;;;
France;Calvi;CLY;317 175;;;;;;;;;;;;;;
France;Carcassonne;CCF;390 182;;;;;;;;;;;;;;
France;Chambery;CMF;212 381;;;;;;;;;;;;;;
France;Clermont-Ferrand;CFE;401 068;;;;;;;;;;;;;;
France;Deauville;DOL;149 326;;;;;;;;;;;;;;
France;Dinard;DNR;130 087;;;;;;;;;;;;;;
France;Dole;DLE;137 181;;;;;;;;;;;;;;
France;Figari;FSC;586 046;;;;;;;;;;;;;;
France;Grenoble;GNB;296 026;;;;;;;;;;;;;;
France;La Rochelle;LRH;216 970;;;;;;;;;;;;;;
France;Lille;LIL;1 535 889;;;;;;;;;;;;;;
France;Limoges;LIG;292 607;;;;;;;;;;;;;;
France;Lorient;LRT;146 002;;;;;;;;;;;;;;
France;Lyon;LYS;8 703 354;;;;;;;;;;;;;;
France;Marseille;MRS;8 263 039;;;;;;;;;;;;;;
France;Metz-Nancy;ETZ;255 390;;;;;;;;;;;;;;
France;Montpellier;MPL;1 510 186;;;;;;;;;;;;;;
France;Nantes;NTE;4 394 996;;;;;;;;;;;;;;
France;Nice;NCE;12 016 730;;;;;;;;;;;;;;
France;Nimes;FNI;206 162;;;;;;;;;;;;;;
France;Paris Beauvais;BVA;4 330 019;;;;;;;;;;;;;;
France;Paris CDG;CDG;65 766 986;;;;;;;;;;;;;;
France;Paris ORY;ORY;29 664 993;;;;;;;;;;;;;;
France;Pau;PUF;634 035;;;;;;;;;;;;;;
France;Perpignan;PGF;368 516;;;;;;;;;;;;;;
France;Poitiers;PIS;122 947;;;;;;;;;;;;;;
France;Rennes;RNS;540 018;;;;;;;;;;;;;;
France;Rodez;RDZ;106 968;;;;;;;;;;;;;;
France;Saint Etienne;EBU;151 723;;;;;;;;;;;;;;
France;Strasbourg;SXB;1 190 389;;;;;;;;;;;;;;
France;Tarbes Lourdes;LDE;371 317;;;;;;;;;;;;;;
France;Toulon;TLN;510 075;;;;;;;;;;;;;;
France;Toulouse;TLS;7 669 054;;;;;;;;;;;;;;
France;Tours;TUF;187 531;;;;;;;;;;;;;;
Georgia;Batumi;BUS;226 476;;;;;;;;;;;;;;
Georgia;Kutaisi;KUT;183 044;;;;;;;;;;;;;;
Georgia;Tbilisi;TBS;1 847 111;;;;;;;;;;;;;;
Germany;All airports (ADV);;216 475 521;;;;;;;;;;;;;;
Germany;Allgäu-Memmingen;FMM;883 490;;;;;;;;;;;;;;
Germany;Berlin Schönefeld;SXF;8 526 268;;;;;;;;;;;;;;
Germany;Berlin Tegel;TXL;21 005 196;;;;;;;;;;;;;;
Germany;Bremen;BRE;2 660 754;;;;;;;;;;;;;;
Germany;Cologne Bonn;CGN;10 338 375;;;;;;;;;;;;;;
Germany;Dortmund;DTM;1 985 379;;;;;;;;;;;;;;
Germany;Dresden;DRS;1 722 863;;;;;;;;;;;;;;
Germany;Düsseldorf;DUS;22 476 685;;;;;;;;;;;;;;
Germany;Erfurt;ERF;230 436;;;;;;;;;;;;;;
Germany;Frankfurt;FRA;61 032 022;;;;;;;;;;;;;;
Germany;Friedrichshafen;FDH;559 985;;;;;;;;;;;;;;
Germany;Hahn;HHN;2 665 105;;;;;;;;;;;;;;
Germany;Hamburg;HAM;15 610 072;;;;;;;;;;;;;;
Germany;Hannover;HAJ;5 452 669;;;;;;;;;;;;;;
Germany;Karlsruhe/Baden-Baden;FKB;1 051 435;;;;;;;;;;;;;;
Germany;Leipzig/Halle;LEJ;2 317 255;;;;;;;;;;;;;;
Germany;Munich;MUC;40 982 384;;;;;;;;;;;;;;
Germany;Münster/Osnabrück;FMO;817 049;;;;;;;;;;;;;;
Germany;Nürnberg;NUE;3 381 681;;;;;;;;;;;;;;
Germany;Paderborn/Lippstadt;PAD;771 749;;;;;;;;;;;;;;
Germany;Rostock;RLG;190 868;;;;;;;;;;;;;;
Germany;Saarbrücken;SCN;467 092;;;;;;;;;;;;;;
Germany;Stuttgart;STR;10 512 225;;;;;;;;;;;;;;
Germany;Weeze;NRN;1 909 704;;;;;;;;;;;;;;
Gibraltar;Gibraltar;GIB;444 336;;;;;;;;;;;;;;
Greece;All airports;;49 173 910;;;;;;;;;;;;;;
Greece;Alexandroupolis;AXD;168 608;;;;;;;;;;;;;;
Greece;Araxos;GPA;147 512;;;;;;;;;;;;;;
Greece;Athens;ATH;18 028 970;;;;;;;;;;;;;;
Greece;Chania;CHQ;2 750 723;;;;;;;;;;;;;;
Greece;Chios;JKH;195 054;;;;;;;;;;;;;;
Greece;Corfu;CFU;2 437 441;;;;;;;;;;;;;;
Greece;Heraklion;HER;6 138 477;;;;;;;;;;;;;;
Greece;Kalamata;KLX;188 717;;;;;;;;;;;;;;
Greece;Karpathos;AOK;224 364;;;;;;;;;;;;;;
Greece;Kavala;KVA;246 519;;;;;;;;;;;;;;
Greece;Kefallinia;EFL;492 144;;;;;;;;;;;;;;
Greece;Kos;KGS;2 142 586;;;;;;;;;;;;;;
Greece;Mykonos;JMK;873 619;;;;;;;;;;;;;;
Greece;Mytilene;MJT;481 420;;;;;;;;;;;;;;
Greece;Preveza/Lefkas;PVK;387 801;;;;;;;;;;;;;;
Greece;Rhodes;RHO;4 578 196;;;;;;;;;;;;;;
Greece;Samos;SMI;403 056;;;;;;;;;;;;;;
Greece;Santorini;JTR;1 494 686;;;;;;;;;;;;;;
Greece;Skiathos;JSI;365 483;;;;;;;;;;;;;;
Greece;Thessaloniki;SKG;5 592 460;;;;;;;;;;;;;;
Greece;Zakinthos;ZTH;1 267 859;;;;;;;;;;;;;;
Hungary;Budapest;BUD;10 298 963;;;;;;;;;;;;;;
Hungary;Debrecen;DEB;172 118;;;;;;;;;;;;;;
Iceland;Keflavik;KEF;4 855 501;;;;;;;;;;;;;;
Ireland;Major airports;;29 524 865;;;;;;;;;;;;;;
Ireland;Cork;ORK;2 071 210;;;;;;;;;;;;;;
Ireland;Dublin;DUB;25 049 335;;;;;;;;;;;;;;
Ireland;Knock;NOC;689 080;;;;;;;;;;;;;;
Ireland;Shannon;SNN;1 715 240;;;;;;;;;;;;;;
Italy;All airports;;156 789 433;;;;;;;;;;;;;;
Italy;Alghero;AHO;1 677 146;;;;;;;;;;;;;;
Italy;Ancona;AOI;515 834;;;;;;;;;;;;;;
Italy;Bari;BRI;3 968 917;;;;;;;;;;;;;;
Italy;Bologna;BLQ;6 882 013;;;;;;;;;;;;;;
Italy;Brindisi;BDS;2 255 197;;;;;;;;;;;;;;
Italy;Cagliari;CAG;3 714 174;;;;;;;;;;;;;;
Italy;Comiso;CIY;372 672;;;;;;;;;;;;;;
Italy;Catania;CTA;7 101 444;;;;;;;;;;;;;;
Italy;Cuneo;CUF;126 693;;;;;;;;;;;;;;
Italy;Florence;FLR;2 408 225;;;;;;;;;;;;;;
Italy;Genoa;GOA;1 355 972;;;;;;;;;;;;;;
Italy;Lamezia Terme;SUF;2 342 250;;;;;;;;;;;;;;
Italy;Milan Bergamo;BGY;10 412 729;;;;;;;;;;;;;;
Italy;Milan Linate;LIN;9 641 063;;;;;;;;;;;;;;
Italy;Milan Malpensa;MXP;18 572 440;;;;;;;;;;;;;;
Italy;Naples;NAP;6 151 485;;;;;;;;;;;;;;
Italy;Olbia;OLB;2 218 895;;;;;;;;;;;;;;
Italy;Palermo;PMO;4 906 050;;;;;;;;;;;;;;
Italy;Parma;PMF;185 179;;;;;;;;;;;;;;
Italy;Perugia;PEG;270 068;;;;;;;;;;;;;;
Italy;Pescara;PSR;610 558;;;;;;;;;;;;;;
Italy;Pisa;PSA;4 797 116;;;;;;;;;;;;;;
Italy;Reggio Calabria;REG;490 804;;;;;;;;;;;;;;
Italy;Rome Ciampino;CIA;5 802 877;;;;;;;;;;;;;;
Italy;Rome Fiumicino;FCO;40 422 156;;;;;;;;;;;;;;
Italy;Trapani;TPS;1 586 000;;;;;;;;;;;;;;
Italy;Treviso;TSF;2 378 876;;;;;;;;;;;;;;
Italy;Trieste;TRS;739 149;;;;;;;;;;;;;;
Italy;Turin;TRN;3 659 312;;;;;;;;;;;;;;
Italy;Venice Marco Polo;VCE;8 735 876;;;;;;;;;;;;;;
Italy;Verona;VRN;2 584 946;;;;;;;;;;;;;;
Kosovo;Pristina;PRN;1 579 406;;;;;;;;;;;;;;
Latvia;Riga;RIX;5 164 424;;;;;;;;;;;;;;
Lithuania;Kaunas;KUN;747 284;;;;;;;;;;;;;;
Lithuania;Palanga;PLQ;145 441;;;;;;;;;;;;;;
Lithuania;Vilnius;VNO;3 334 891;;;;;;;;;;;;;;
Luxembourg;Luxembourg;LUX;2 676 424;;;;;;;;;;;;;;
;;;;;;;;;;;;;;;;;
Macedonia;Skopje;SKP;1 456 385;;;;;;;;;;;;;;
Malta;Malta;MLA;4 618 025;;;;;;;;;;;;;;
Moldova;Chisinau;KIV;2 219 162;;;;;;;;;;;;;;
Montenegro;Podgorica;TGD;748 892;;;;;;;;;;;;;;
Montenegro;Tivat;TIV;889 006;;;;;;;;;;;;;;
Netherlands;Major airports;;64 309 462;;;;;;;;;;;;;;
Netherlands;Amsterdam;AMS;58 284 848;;;;;;;;;;;;;;
Netherlands;Eindhoven;EIN;4 331 658;;;;;;;;;;;;;;
Netherlands;Groningen;GRQ;220 710;;;;;;;;;;;;;;
Netherlands;Maastricht Aachen;MST;195 180;;;;;;;;;;;;;;
Netherlands;Rotterdam;RTM;1 692 406;;;;;;;;;;;;;;
Norway;All airports;;53 976 552;;;;;;;;;;;;;;
Norway;Alesund;AES;1 080 090;;;;;;;;;;;;;;
Norway;Alta;ALF;393 120;;;;;;;;;;;;;;
Norway;Bardufoss;BDU;225 025;;;;;;;;;;;;;;
Norway;Bergen;BGO;6 018 174;;;;;;;;;;;;;;
Norway;Bodo;BOO;1 731 162;;;;;;;;;;;;;;
Norway;Bronnoysund;BNN;129 636;;;;;;;;;;;;;;
Norway;Floro;FRO;176 954;;;;;;;;;;;;;;
Norway;Hammerfest;HFT;174 851;;;;;;;;;;;;;;
Norway;Harstad/Narvik;EVE;709 152;;;;;;;;;;;;;;
Norway;Haugesund;HAU;659 937;;;;;;;;;;;;;;
Norway;Kirkenes;KKN;311 066;;;;;;;;;;;;;;
Norway;Kristiansand;KRS;1 058 224;;;;;;;;;;;;;;
Norway;Kristiansund;KSU;364 817;;;;;;;;;;;;;;
Norway;Leknes;LKN;105 470;;;;;;;;;;;;;;
Norway;Mo I Rana;MQN;119 650;;;;;;;;;;;;;;
Norway;Molde;MOL;517 009;;;;;;;;;;;;;;
Norway;Moss Rygge;RYG;1 642 156;;;;;;;;;;;;;;
Norway;Orsta/Volda;HOV;115 009;;;;;;;;;;;;;;
Norway;Oslo;OSL;24 672 531;;;;;;;;;;;;;;
Norway;Sandefjord Torp;TRF;1 542 504;;;;;;;;;;;;;;
Norway;Stavanger;SVG;4 499 482;;;;;;;;;;;;;;
Norway;Stokmarknes;SKN;107 400;;;;;;;;;;;;;;
Norway;Svalbard;LYR;165 584;;;;;;;;;;;;;;
Norway;Tromso;TOS;2 009 231;;;;;;;;;;;;;;
Norway;Trondheim;TRD;4 352 671;;;;;;;;;;;;;;
Norway;Vadso;VDS;102 223;;;;;;;;;;;;;;
Poland;Top 12 airports;;30 563 994;;;;;;;;;;;;;;
Poland;Bydgoszcz;BZG;341 079;;;;;;;;;;;;;;
Poland;Gdansk;GDN;3 706 180;;;;;;;;;;;;;;
Poland;Katowice;KTW;3 069 531;;;;;;;;;;;;;;
Poland;Krakow;KRK;4 221 171;;;;;;;;;;;;;;
Poland;Lodz;LCJ;287 628;;;;;;;;;;;;;;
Poland;Lublin;LUZ;265 021;;;;;;;;;;;;;;
Poland;Poznan;POZ;1 500 918;;;;;;;;;;;;;;
Poland;Rzeszow;RZE;645 105;;;;;;;;;;;;;;
Poland;Szczecin;SZZ;412 547;;;;;;;;;;;;;;
Poland;Warsaw;WAW;11 206 700;;;;;;;;;;;;;;
Poland;Warsaw Modlin;WMI;2 588 171;;;;;;;;;;;;;;
Poland;Wroclaw;WRO;2 320 015;;;;;;;;;;;;;;
Portugal;Top 3 airports;;34 614 312;;;;;;;;;;;;;;
Portugal;Faro;FAO;6 436 881;;;;;;;;;;;;;;
Portugal;Funchal;FNC;2 605 547;;;;;;;;;;;;;;
Portugal;Lisbon;LIS;20 090 254;;;;;;;;;;;;;;
Portugal;Ponta Delgada;PDL;1 267 978;;;;;;;;;;;;;;
Portugal;Porto;OPO;8 087 177;;;;;;;;;;;;;;
Romania;Major airports;;12 743 392;;;;;;;;;;;;;;
Romania;Bacau;BCM;364 492;;;;;;;;;;;;;;
Romania;Bucharest Otopeni;OTP;9 282 884;;;;;;;;;;;;;;
Romania;Cluj Napoca;CLJ;1 487 603;;;;;;;;;;;;;;
;;;;;;;;;;;;;;;;;
Romania;Iasi;IAS;376 865;;;;;;;;;;;;;;
Romania;Sibiu;SBZ;307 026;;;;;;;;;;;;;;
Romania;Suceava;SCV;;;;;;;;;;;;;;;
Romania;Targu Mures;TGM;336 694;;;;;;;;;;;;;;
Romania;Timisoara;TSR;924 463;;;;;;;;;;;;;;
Russia;Selected major airports;;;;;;;;;;;;;;;;
Russia;Anapa;AAQ;1 179 808;;;;;;;;;;;;;;
;;;;;;;;;;;;;;;;;
;;;;;;;;;;;;;;;;;
Russia;Ekaterinburg;SVX;4 248 000;;;;;;;;;;;;;;
Russia;Gelendzhik;GDZ;274 227;;;;;;;;;;;;;;
Russia;Kazan;KZN;1 802 709;;;;;;;;;;;;;;
Russia;Krasnodar;KRR;3 128 248;;;;;;;;;;;;;;
Russia;Krasnoyarsk;KJA;;;;;;;;;;;;;;;
Russia;Moscow Domodedovo;DME;30 504 505;;;;;;;;;;;;;;
Russia;Moscow Sheremetyevo;SVO;31 611 061;;;;;;;;;;;;;;
Russia;Moscow Vnukovo;VKO;15 814 894;;;;;;;;;;;;;;
;;;;;;;;;;;;;;;;;
Russia;Novosibirsk;OVB;3 703 211;;;;;;;;;;;;;;
;;;;;;;;;;;;;;;;;
;;;;;;;;;;;;;;;;;
Russia;Sochi/Adler;AER;4 089 327;;;;;;;;;;;;;;
Russia;St Petersburg;LED;13 501 440;;;;;;;;;;;;;;
;;;;;;;;;;;;;;;;;
Russia;Volgograd;VOG;901 563;;;;;;;;;;;;;;
Serbia;Belgrade;BEG;4 776 164;;;;;;;;;;;;;;
;;;;;;;;;;;;;;;;;
Slovakia;Bratislava;BTS;1 564 311;;;;;;;;;;;;;;
Slovakia;Kosice;KSC;410 449;;;;;;;;;;;;;;
Slovenia;Ljubljana;LJU;1 438 304;;;;;;;;;;;;;;
Spain;All airports;;207 414 141;;;;;;;;;;;;;;
Spain;A Coruna;LCG;1 025 688;;;;;;;;;;;;;;
Spain;Alicante;ALC;10 574 484;;;;;;;;;;;;;;
Spain;Almeria;LEI;691 488;;;;;;;;;;;;;;
Spain;Asturias;OVD;1 119 273;;;;;;;;;;;;;;
Spain;Barcelona;BCN;39 711 276;;;;;;;;;;;;;;
Spain;Bilbao;BIO;4 277 430;;;;;;;;;;;;;;
Spain;El Hierro;VDE;146 790;;;;;;;;;;;;;;
Spain;Fuerteventura;FUE;5 026 902;;;;;;;;;;;;;;
Spain;Girona;GRO;1 775 318;;;;;;;;;;;;;;
Spain;Gran Canaria;LPA;10 627 182;;;;;;;;;;;;;;
Spain;Granada;GRX;707 268;;;;;;;;;;;;;;
Spain;Ibiza;IBZ;6 477 283;;;;;;;;;;;;;;
Spain;Jerez de la Frontera;XRY;823 177;;;;;;;;;;;;;;
Spain;Lanzarote;ACE;6 124 321;;;;;;;;;;;;;;
Spain;La Palma;SPC;971 676;;;;;;;;;;;;;;
Spain;Madrid;MAD;46 828 279;;;;;;;;;;;;;;
Spain;Malaga;AGP;14 404 170;;;;;;;;;;;;;;
Spain;Melilla;MLN;317 806;;;;;;;;;;;;;;
Spain;Menorca;MAH;2 867 482;;;;;;;;;;;;;;
Spain;Murcia San Javier;MJV;1 067 576;;;;;;;;;;;;;;
Spain;Palma de Mallorca;PMI;23 745 131;;;;;;;;;;;;;;
Spain;Pamplona;PNA;148 710;;;;;;;;;;;;;;
Spain;Reus;REU;705 067;;;;;;;;;;;;;;
Spain;San Sebastian;EAS;255 071;;;;;;;;;;;;;;
Spain;Santander;SDR;875 920;;;;;;;;;;;;;;
Spain;Santiago de Compostela;SCQ;2 296 248;;;;;;;;;;;;;;
Spain;Seville;SVQ;4 308 942;;;;;;;;;;;;;;
Spain;Tenerife Norte;TFN;3 815 315;;;;;;;;;;;;;;
Spain;Tenerife Sur;TFS;9 117 637;;;;;;;;;;;;;;
Spain;Valencia;VLC;5 051 871;;;;;;;;;;;;;;
Spain;Valladolid;VLL;218 293;;;;;;;;;;;;;;
Spain;Vigo;VGO;713 563;;;;;;;;;;;;;;
Spain;Zaragoza;ZAZ;423 873;;;;;;;;;;;;;;
Sweden;Top 22 airports;;41 259 973;;;;;;;;;;;;;;
Sweden;Angelholm;AGH;411 625;;;;;;;;;;;;;;
Sweden;Gothenburg Landvetter;GOT;6 158 334;;;;;;;;;;;;;;
Sweden;Halmstad;HAD;119 959;;;;;;;;;;;;;;
Sweden;Jonkoping;JKG;106 923;;;;;;;;;;;;;;
Sweden;Kalmar;KLR;222 848;;;;;;;;;;;;;;
Sweden;Kiruna;KRN;257 561;;;;;;;;;;;;;;
Sweden;Linkoping;LPI;157 346;;;;;;;;;;;;;;
Sweden;Lulea;LLA;1 177 131;;;;;;;;;;;;;;
Sweden;Malmo;MMX;2 169 901;;;;;;;;;;;;;;
Sweden;Norrkoping;NRK;109 137;;;;;;;;;;;;;;
Sweden;Orebro;ORB;95 395;;;;;;;;;;;;;;
Sweden;Ostersund;OSD;464 816;;;;;;;;;;;;;;
Sweden;Ronneby;RNB;216 304;;;;;;;;;;;;;;
Sweden;Skelleftea;SFT;300 278;;;;;;;;;;;;;;
Sweden;Stockholm Arlanda;ARN;23 142 536;;;;;;;;;;;;;;
Sweden;Stockholm Bromma;BMA;2 488 779;;;;;;;;;;;;;;
Sweden;Stockholm Skavsta;NYO;1 811 730;;;;;;;;;;;;;;
Sweden;Stockholm Vasteras;VST;113 723;;;;;;;;;;;;;;
Sweden;Sundsvall;SDL;271 353;;;;;;;;;;;;;;
Sweden;Umea;UME;1 047 081;;;;;;;;;;;;;;
Sweden;Vaxjo;VXO;185 980;;;;;;;;;;;;;;
Sweden;Visby;VBY;431 430;;;;;;;;;;;;;;
Switzerland;Major airports;;49 113 439;;;;;;;;;;;;;;
Switzerland;Basel;BSL;7 061 059;;;;;;;;;;;;;;
Switzerland;Bern;BRN;190 251;;;;;;;;;;;;;;
Switzerland;Geneva;GVA;15 771 271;;;;;;;;;;;;;;
Switzerland;Zurich;ZRH;26 281 228;;;;;;;;;;;;;;
Turkey;All airports;;181 355 761;;;;;;;;;;;;;;
Turkey;Adana;ADA;5 369 260;;;;;;;;;;;;;;
Turkey;Adiyaman;ADF;190 744;;;;;;;;;;;;;;
Turkey;Agri;AJI;283 806;;;;;;;;;;;;;;
Turkey;Amasya Merzifon;MZH;146 707;;;;;;;;;;;;;;
Turkey;Ankara;ESB;12 326 869;;;;;;;;;;;;;;
Turkey;Antalya;AYT;27 724 249;;;;;;;;;;;;;;
Turkey;Antalya Gazipasa;GZP;915 046;;;;;;;;;;;;;;
Turkey;Balikesir Koca Seyit;EDO;321 130;;;;;;;;;;;;;;
Turkey;Batman;BAL;199 511;;;;;;;;;;;;;;
Turkey;Bingol;BGG;135 548;;;;;;;;;;;;;;
Turkey;Bodrum;BJV;3 877 603;;;;;;;;;;;;;;
Turkey;Bursa Yenisehir;YEI;186 703;;;;;;;;;;;;;;
Turkey;Canakkale;CKZ;168 031;;;;;;;;;;;;;;
Turkey;Dalaman;DLM;4 377 101;;;;;;;;;;;;;;
Turkey;Denizli;DNZ;509 047;;;;;;;;;;;;;;
Turkey;Diyarbakir;DIY;2 071 089;;;;;;;;;;;;;;
Turkey;Elazig;EZS;955 988;;;;;;;;;;;;;;
Turkey;Erzincan;ERC;296 284;;;;;;;;;;;;;;
Turkey;Erzurum;ERZ;1 085 117;;;;;;;;;;;;;;
Turkey;Gaziantep;GZT;2 480 979;;;;;;;;;;;;;;
Turkey;Hatay;HTY;1 171 484;;;;;;;;;;;;;;
Turkey;Igdir;IGD;212 851;;;;;;;;;;;;;;
Turkey;Isparta;ISE;241 016;;;;;;;;;;;;;;
Turkey;Istanbul Atatürk;IST;61 322 729;;;;;;;;;;;;;;
Turkey;Istanbul Sabiha Gökçen;SAW;28 112 438;;;;;;;;;;;;;;
Turkey;Izmir;ADB;12 139 788;;;;;;;;;;;;;;
Turkey;Kahramanmaras;KCM;228 689;;;;;;;;;;;;;;
Turkey;Kars;KSY;424 724;;;;;;;;;;;;;;
Turkey;Kayseri;ASR;1 980 247;;;;;;;;;;;;;;
Turkey;Konya;KYA;1 067 753;;;;;;;;;;;;;;
Turkey;Malatya;MLX;767 701;;;;;;;;;;;;;;
Turkey;Mardin;MQM;567 597;;;;;;;;;;;;;;
Turkey;Mus;MSR;342 953;;;;;;;;;;;;;;
Turkey;Nevsehir;NAV;359 563;;;;;;;;;;;;;;
Turkey;Ordu-Giresun;OGU;196 385;;;;;;;;;;;;;;
Turkey;Samsun Carsamba;SZF;1 716 993;;;;;;;;;;;;;;
Turkey;Sanliurfa;GNY;697 729;;;;;;;;;;;;;;
Turkey;Sirnak;NKT;272 576;;;;;;;;;;;;;;
Turkey;Sivas;VAS;533 278;;;;;;;;;;;;;;
Turkey;Tekirdag Corlu;TEQ;151 520;;;;;;;;;;;;;;
Turkey;Trabzon;TZX;3 361 450;;;;;;;;;;;;;;
Turkey;Van;VAN;1 394 328;;;;;;;;;;;;;;
Ukraine;Dnepropetrovsk;DNK;346 014;;;;;;;;;;;;;;
Ukraine;Kharkiv;HRK;373 643;;;;;;;;;;;;;;
Ukraine;Kiev Boryspil;KBP;7 277 135;;;;;;;;;;;;;;
Ukraine;Kiev Zhuliany;IEV;944 305;;;;;;;;;;;;;;
Ukraine;Lvov;LWO;570 937;;;;;;;;;;;;;;
Ukraine;Odessa;ODS;949 100;;;;;;;;;;;;;;
United Kingdom;All airports;;254 707 495;;;;;;;;;;;;;;
United Kingdom;Aberdeen;ABZ;3 433 064;;;;;;;;;;;;;;
United Kingdom;Belfast City;BHD;2 694 063;;;;;;;;;;;;;;
United Kingdom;Belfast International;BFS;4 391 949;;;;;;;;;;;;;;
United Kingdom;Birmingham;BHX;10 189 517;;;;;;;;;;;;;;
United Kingdom;Bournemouth;BOH;705 822;;;;;;;;;;;;;;
United Kingdom;Bristol;BRS;6 783 287;;;;;;;;;;;;;;
United Kingdom;Cardiff;CWL;1 158 702;;;;;;;;;;;;;;
United Kingdom;City of Derry;LDY;284 527;;;;;;;;;;;;;;
United Kingdom;Doncaster/Sheffield;DSA;857 682;;;;;;;;;;;;;;
United Kingdom;Durham Tees Valley;MME;140 780;;;;;;;;;;;;;;
United Kingdom;East Midlands;EMA;4 446 527;;;;;;;;;;;;;;
United Kingdom;Edinburgh;EDI;11 117 725;;;;;;;;;;;;;;
United Kingdom;Exeter;EXT;821 888;;;;;;;;;;;;;;
United Kingdom;Glasgow;GLA;8 714 426;;;;;;;;;;;;;;
United Kingdom;Guernsey;GCI;858 193;;;;;;;;;;;;;;
United Kingdom;Humberside;HUY;221 442;;;;;;;;;;;;;;
United Kingdom;Inverness;INV;668 114;;;;;;;;;;;;;;
United Kingdom;Isle Of Man;IOM;781 477;;;;;;;;;;;;;;
United Kingdom;Jersey;JER;1 534 366;;;;;;;;;;;;;;
United Kingdom;Kirkwall/Lerwick;KOI;149 751;;;;;;;;;;;;;;
United Kingdom;Leeds Bradford;LBA;3 446 831;;;;;;;;;;;;;;
United Kingdom;Liverpool;LPL;4 296 763;;;;;;;;;;;;;;
United Kingdom;London City;LCY;4 311 236;;;;;;;;;;;;;;
United Kingdom;London Gatwick;LGW;40 275 430;;;;;;;;;;;;;;
United Kingdom;London Heathrow;LHR;74 958 031;;;;;;;;;;;;;;
United Kingdom;London Luton;LTN;12 265 884;;;;;;;;;;;;;;
United Kingdom;London Southend;SEN;901 424;;;;;;;;;;;;;;
United Kingdom;London Stansted;STN;22 515 500;;;;;;;;;;;;;;
United Kingdom;Manchester;MAN;23 103 950;;;;;;;;;;;;;;
United Kingdom;Newcastle;NCL;4 559 630;;;;;;;;;;;;;;
United Kingdom;Newquay;NQY;250 326;;;;;;;;;;;;;;
United Kingdom;Norwich;NWI;450 723;;;;;;;;;;;;;;
United Kingdom;Prestwick;PIK;609 604;;;;;;;;;;;;;;
United Kingdom;Scatsta;SCS;253 306;;;;;;;;;;;;;;
United Kingdom;Southampton;SOU;1 776 629;;;;;;;;;;;;;;
United Kingdom;Stornoway;SYY;124 981;;;;;;;;;;;;;;
United Kingdom;Sumburgh;LSI;270 370;;;;;;;;;;;;;;
